<?xml version="1.0" encoding="utf-8"?>
<phrases>
  <phrase title="Code_collapse" version_id="1000070" version_string="1.0.0"><![CDATA[Collapse code]]></phrase>
  <phrase title="Code_copied" version_id="1000070" version_string="1.0.0"><![CDATA[Copied!]]></phrase>
  <phrase title="Code_copy_to_clipboard" version_id="1000070" version_string="1.0.0"><![CDATA[Copy to clipboard]]></phrase>
  <phrase title="Code_editor_title" version_id="1000070" version_string="1.0.0"><![CDATA[Code block title]]></phrase>
  <phrase title="Code_editor_title_explain" version_id="1000070" version_string="1.0.0"><![CDATA[Optional. If specified, the default code language name will be replaced with title text at code block header. For example, can be used for specifying filename.]]></phrase>
  <phrase title="Code_expand" version_id="1000070" version_string="1.0.0"><![CDATA[Expand code]]></phrase>
  <phrase title="option.Code_commonCodeLanguages" version_id="1000070" version_string="1.0.0"><![CDATA[Common code BB code block languages]]></phrase>
  <phrase title="option_explain.Code_commonCodeLanguages" version_id="1000070" version_string="1.0.0"><![CDATA[The languages listed here will be displayed in "Common languages" block in language selector.]]></phrase>
  <phrase title="style_prop.Code_codeBlockHeightDefault" version_id="1000070" version_string="1.0.0"><![CDATA[Code block default height]]></phrase>
  <phrase title="style_prop.Code_showLineNumbers" version_id="1000070" version_string="1.0.0"><![CDATA[Show line numbers]]></phrase>
  <phrase title="style_prop.Code_style_type" version_id="1000070" version_string="1.0.0"><![CDATA[Code style type]]></phrase>
  <phrase title="style_prop_desc.Code_codeBlockHeightDefault" version_id="1000070" version_string="1.0.0"><![CDATA[]]></phrase>
  <phrase title="style_prop_desc.Code_showLineNumbers" version_id="1000070" version_string="1.0.0"><![CDATA[If enabled, code line numbers will be showing at the left of code block.]]></phrase>
  <phrase title="style_prop_desc.Code_style_type" version_id="1000070" version_string="1.0.0"><![CDATA[This defines the code highlighting colors for light/dark forum styles.]]></phrase>
  <phrase title="style_prop_group.Code" version_id="1000070" version_string="1.0.0"><![CDATA[Code]]></phrase>
  <phrase title="style_prop_group_desc.Code" version_id="1000070" version_string="1.0.0"><![CDATA[Code blocks styling properties and options.]]></phrase>
</phrases>
