{
    "legacy_addon_id": "",
    "title": "Code",
    "description": "Makes [code] bbcode and code editor way more functional by adding copy, expand, collapse buttons, resizer bar and automatically adjusting the colors to fit chosen forum style.",
    "version_id": 1000070,
    "version_string": "1.0.0",
    "dev": "CMTV",
    "dev_url": "https://xenforo.com/community/resources/authors/cmtv.162075/",
    "faq_url": "",
    "support_url": "",
    "extra_urls": {
        "My addons": "https://xenforo.com/community/resources/authors/cmtv.162075/"
    },
    "require": [],
    "icon": "fa-code"
}