{
    "js/Code/code-block-buttons.js": "7eeb3cc27947b314fcdf7972708ccd0821d25eb9e95bb43bbcd0fdd6d2872e5d",
    "js/Code/code-block-buttons.min.js": "5901061417646d3b98fc4ce0ed402bac62935c2aef54977deab8bcd95dab9e27",
    "js/Code/code-block-copy.js": "4462afd0a27870a2712d25f7b6b279e64961bc5253ff2a44660b81833f7a747b",
    "js/Code/code-block-copy.min.js": "8ef83a527ddab753b3566e4a4bcd30a5e57b961ccdb98ceecc74c4ab0097f49b",
    "js/Code/code-block-resizer.js": "005d30a7187aeb54d4a1013c757eb9e5e76193fcd0ad8a0112102b19bb4406e7",
    "js/Code/code-block-resizer.min.js": "bfb18cfc14633d40bde167659a688f86529e44b695e16de774323459a37af724",
    "js/Code/code-block.js": "763dc2ffc96510f1b82fa967b0e26a1a0507ed77de4a12b2c74e44a360795b93",
    "js/Code/code-block.min.js": "e5a5eb0e162019d2da64b3356b8358bc084c631e37827cac8af4fdf25a4b0a26",
    "js/Code/insert-code-editor.js": "57fb3a4155c7f1144b2a024bacac64daf2f1eb7b1977d3d3d434b8e5e9acb394",
    "js/Code/insert-code-editor.min.js": "0be52e18fac6b9f2515c6b17fd555885997c6bdd24d7e3d52e9fc103b77afa73",
    "js/Code/PrismJS-plugins/line-numbers.js": "25f17d3157c6751531cd3e2979c8ce66ae81f85e44ca52d02f0710360fbaf909",
    "src/addons/Code/addon.json": "b9f09a2f55958ebeab43f9df124ceada88a3f362fb860a992a71958c12801e51",
    "src/addons/Code/XF/BbCode/Renderer/Html.php": "87d7b5bcf248e81311e07129833cbf78d63f827d0716e4e3c655cc636b32ba3a",
    "src/addons/Code/XF/Data/CodeLanguage.php": "7a8b2b7c6b329fcb38f1d8973cc9ff9992fc2798ac221bf392dbb415b393b341",
    "src/addons/Code/_data/admin_navigation.xml": "064ec797484ac00d5ee37367b50b06846d11f480d00550997712707f8fdac8c0",
    "src/addons/Code/_data/admin_permission.xml": "ec6fb97cebf0bceb24f1ed1d5778c1db54eeb7535fbb3e31d824840e7aa9ff87",
    "src/addons/Code/_data/advertising_positions.xml": "d2f7cbe844bb1df3cf878d22ff6306249245c8ff6b0b87b9b729744bec538261",
    "src/addons/Code/_data/bb_codes.xml": "faa4ddd5f4a365e5ac39aebdcbe2d25aedf74e7eb9ea4a812766e2fd5e13bdb1",
    "src/addons/Code/_data/bb_code_media_sites.xml": "29762987990187b33e43cfb68c08dc917b2d3f0176613d78f8e6c453f82da3f3",
    "src/addons/Code/_data/class_extensions.xml": "0ce475477cc41c5d99c48c1c795db149fcd74e4bd27096b9abcb755b32ec3a3f",
    "src/addons/Code/_data/code_events.xml": "8370dec3df47f91df4cf79da253446ad11b29f4ea568fe76c774e97a0379f0eb",
    "src/addons/Code/_data/code_event_listeners.xml": "d6b5072f4909dee7a20ee9e44b163f95c8aa52e6ac7f573e292000cd9238c331",
    "src/addons/Code/_data/content_type_fields.xml": "c7ad5472b28f465b7ac7617627707eba1b7a39d28089460d52e1ed292fc0b06a",
    "src/addons/Code/_data/cron.xml": "323c4284742ef24329cd6db6f288eb9736d2353f36852e1db12591e1583aea26",
    "src/addons/Code/_data/help_pages.xml": "a8a0c0b06cdc550438bc8a8d385af3e1e5ab3459877dfb934c1c31be59c89163",
    "src/addons/Code/_data/member_stats.xml": "89fb2b93ff1eca7a1f6f752248edf6090dfd24037db1446fd18ff7143f08124d",
    "src/addons/Code/_data/navigation.xml": "f75e1c03a45a360bbdfcd0567121665082315068475d5b0feb8b1acbb1688651",
    "src/addons/Code/_data/options.xml": "b474e8e569523bad9d12378e8e9dd06718858c1ffc0d5c3a4221d5183e40a161",
    "src/addons/Code/_data/option_groups.xml": "154d7a89664b243d0bd8227c22e241f934bf7e196c83230ee23d3c0c4fba1333",
    "src/addons/Code/_data/permissions.xml": "7e4fc7d5826733d15ea2d8936b9bdd41afcaad810eb38e50da3c8d8eafda1550",
    "src/addons/Code/_data/permission_interface_groups.xml": "3177224e96458b829aa7fb24866dda9e0455a4922aee3d669b53f59a1ffdf5d1",
    "src/addons/Code/_data/phrases.xml": "8775b9866bae71deec8b193aad6bacd80d799ad21c6f9a32cfb81ab9370a81fa",
    "src/addons/Code/_data/routes.xml": "550fa64f9feedf137dd877b38c2684f94474619d2d83890dbb717a91b50da8f5",
    "src/addons/Code/_data/style_properties.xml": "5283367d51e2edf39e60cf541a79233af1ebfe21bf928d84da2f0072533efce8",
    "src/addons/Code/_data/style_property_groups.xml": "36247bd23f0d5da7ef54e1bd22607077670d9b8cadeb932810992fe12a3d0ec6",
    "src/addons/Code/_data/templates.xml": "99d47e735196632b31b6cf3b7e3fbf038f75e3f1ba46c30299197ab64769aec4",
    "src/addons/Code/_data/template_modifications.xml": "c8bc31f4cd1a3680be13e1d8716d53704a8cc47c6da5a763beaeedb26e8195d6",
    "src/addons/Code/_data/widget_definitions.xml": "37e46965256430f24004c2e7f08ba08f9b0d1cbcc4d70e84b3f4e3ffb713e64b",
    "src/addons/Code/_data/widget_positions.xml": "a29cee66134f6bc5d75ed9df1eef21096c24401915c5b5c774389c3d7bb2d5b3"
}