{
    "js/CMTV/Code/code-block-actions.js": "22f388e58aa2cd712abbb774fca64fc62fa12f98cdce9814eb7507f11b5edc12",
    "js/CMTV/Code/code-block-actions.min.js": "b8af8aa3ab52c0a17a78829b0f9d0393c72fd1864197dc8d15592bb4d89a857f",
    "js/CMTV/Code/code-block-resizer.js": "3ce06cfcd808a3071115d7f4e463c060f07bb86c258e87a22cc8526fd4515caf",
    "js/CMTV/Code/code-block-resizer.min.js": "792ca053e89a689349027ddef4925ac9e4330b08a040f148ccfd01a5196ac1dc",
    "js/CMTV/Code/code-block.js": "742a63d8ea1666b1de74642d1afad4ca9d319174c0db7b079dadd554bced1541",
    "js/CMTV/Code/code-block.min.js": "ee8fbc7df55ada2608a62dd660752820e2aefff98a8974dcd4d956d8e3be7789",
    "js/CMTV/Code/editor-dialog-code.js": "1de02af0a140d34ec8480ad4b1d522e7f4867d62919cae65c1c63cd6360f2cf4",
    "js/CMTV/Code/editor-dialog-code.min.js": "22ce451b5d5d5b1c51d7c63004285d4a120e0a4836687bb278284b7ef0950cd0",
    "js/CMTV/Code/vendor/prism-plugins/line-highlight.min.js": "0c497d65013e96c798d77a2a9b6fa6954afeb15235f0b1bcd773fe933cc89bca",
    "js/CMTV/Code/vendor/prism-plugins/line-numbers.min.js": "25f17d3157c6751531cd3e2979c8ce66ae81f85e44ca52d02f0710360fbaf909",
    "src/addons/CMTV/Code/addon.json": "2537943f3483af506c6ce1164d44b976b8df3c0fbb903516e9c6472d988bfae0",
    "src/addons/CMTV/Code/EventsListener.php": "edc9a5dd821931c8d317da1fe4fe733f03002c45a3a465eee57b6321227c9f6d",
    "src/addons/CMTV/Code/Setup.php": "32a85498c0e07ce0757b063530784b677b6178a6d080b15ab5007ec64f7dc381",
    "src/addons/CMTV/Code/XF/BbCode/Renderer/Html.php": "0b540a77937b60f72cc8c57e9162ff43efbced22557263054598eabf3c21cbae",
    "src/addons/CMTV/Code/XF/BbCode/RuleSet.php": "c1a40bc46c8270cced7917c922bf4ca98d201b81d05f217c91627733d245f9a9",
    "src/addons/CMTV/Code/_data/admin_navigation.xml": "064ec797484ac00d5ee37367b50b06846d11f480d00550997712707f8fdac8c0",
    "src/addons/CMTV/Code/_data/admin_permission.xml": "ec6fb97cebf0bceb24f1ed1d5778c1db54eeb7535fbb3e31d824840e7aa9ff87",
    "src/addons/CMTV/Code/_data/advertising_positions.xml": "d2f7cbe844bb1df3cf878d22ff6306249245c8ff6b0b87b9b729744bec538261",
    "src/addons/CMTV/Code/_data/api_scopes.xml": "6793eaf758f140e8137187ba20e65f4faccf53410433ae3ad7a8b3b38cb6b3b7",
    "src/addons/CMTV/Code/_data/bb_codes.xml": "faa4ddd5f4a365e5ac39aebdcbe2d25aedf74e7eb9ea4a812766e2fd5e13bdb1",
    "src/addons/CMTV/Code/_data/bb_code_media_sites.xml": "29762987990187b33e43cfb68c08dc917b2d3f0176613d78f8e6c453f82da3f3",
    "src/addons/CMTV/Code/_data/class_extensions.xml": "f9ab7241090b19529414d8dabbc89739870223e1e61d717f8ce9cf8b69be58c6",
    "src/addons/CMTV/Code/_data/code_events.xml": "8370dec3df47f91df4cf79da253446ad11b29f4ea568fe76c774e97a0379f0eb",
    "src/addons/CMTV/Code/_data/code_event_listeners.xml": "8e747a88f2c83dde219c0114bb1febb9f8da32cbb34a5d7f61a25e57db235515",
    "src/addons/CMTV/Code/_data/content_type_fields.xml": "c7ad5472b28f465b7ac7617627707eba1b7a39d28089460d52e1ed292fc0b06a",
    "src/addons/CMTV/Code/_data/cron.xml": "323c4284742ef24329cd6db6f288eb9736d2353f36852e1db12591e1583aea26",
    "src/addons/CMTV/Code/_data/help_pages.xml": "a8a0c0b06cdc550438bc8a8d385af3e1e5ab3459877dfb934c1c31be59c89163",
    "src/addons/CMTV/Code/_data/member_stats.xml": "89fb2b93ff1eca7a1f6f752248edf6090dfd24037db1446fd18ff7143f08124d",
    "src/addons/CMTV/Code/_data/navigation.xml": "f75e1c03a45a360bbdfcd0567121665082315068475d5b0feb8b1acbb1688651",
    "src/addons/CMTV/Code/_data/options.xml": "b6cbbb577ea627453dde028159f0dcb8a718b8c08b23b00cc3e95c08a312e6b1",
    "src/addons/CMTV/Code/_data/option_groups.xml": "154d7a89664b243d0bd8227c22e241f934bf7e196c83230ee23d3c0c4fba1333",
    "src/addons/CMTV/Code/_data/permissions.xml": "7e4fc7d5826733d15ea2d8936b9bdd41afcaad810eb38e50da3c8d8eafda1550",
    "src/addons/CMTV/Code/_data/permission_interface_groups.xml": "3177224e96458b829aa7fb24866dda9e0455a4922aee3d669b53f59a1ffdf5d1",
    "src/addons/CMTV/Code/_data/phrases.xml": "27eeba1f589e9eaa6438326a289df67aeba5d090252c3966d1bb951b97ace713",
    "src/addons/CMTV/Code/_data/routes.xml": "550fa64f9feedf137dd877b38c2684f94474619d2d83890dbb717a91b50da8f5",
    "src/addons/CMTV/Code/_data/style_properties.xml": "101c6a08cf31bdf7c938e2fb14aeb39825ed852bda285d0cfde8abc5f4fbf5d4",
    "src/addons/CMTV/Code/_data/style_property_groups.xml": "68e1879cb3846c42d978487aa8d5145ff3335fc39e58016878824d5cf3fd684c",
    "src/addons/CMTV/Code/_data/templates.xml": "9aecc7254093b9df519c98002f17ca4d2a556580ebdcce7fd1c633ee278942f7",
    "src/addons/CMTV/Code/_data/template_modifications.xml": "47c443edb4be788ef36605be428719aaad23e0b778afae5e0b41ec52d951c265",
    "src/addons/CMTV/Code/_data/widget_definitions.xml": "37e46965256430f24004c2e7f08ba08f9b0d1cbcc4d70e84b3f4e3ffb713e64b",
    "src/addons/CMTV/Code/_data/widget_positions.xml": "a29cee66134f6bc5d75ed9df1eef21096c24401915c5b5c774389c3d7bb2d5b3"
}