{
    "js/CMTV/Code/code-block-actions.js": "22f388e58aa2cd712abbb774fca64fc62fa12f98cdce9814eb7507f11b5edc12",
    "js/CMTV/Code/code-block-actions.min.js": "b8af8aa3ab52c0a17a78829b0f9d0393c72fd1864197dc8d15592bb4d89a857f",
    "js/CMTV/Code/code-block-resizer.js": "3ce06cfcd808a3071115d7f4e463c060f07bb86c258e87a22cc8526fd4515caf",
    "js/CMTV/Code/code-block-resizer.min.js": "792ca053e89a689349027ddef4925ac9e4330b08a040f148ccfd01a5196ac1dc",
    "js/CMTV/Code/code-block.js": "742a63d8ea1666b1de74642d1afad4ca9d319174c0db7b079dadd554bced1541",
    "js/CMTV/Code/code-block.min.js": "ee8fbc7df55ada2608a62dd660752820e2aefff98a8974dcd4d956d8e3be7789",
    "js/CMTV/Code/editor-dialog-code.js": "1de02af0a140d34ec8480ad4b1d522e7f4867d62919cae65c1c63cd6360f2cf4",
    "js/CMTV/Code/editor-dialog-code.min.js": "22ce451b5d5d5b1c51d7c63004285d4a120e0a4836687bb278284b7ef0950cd0",
    "js/CMTV/Code/vendor/prism-plugins/line-highlight.min.js": "0c497d65013e96c798d77a2a9b6fa6954afeb15235f0b1bcd773fe933cc89bca",
    "js/CMTV/Code/vendor/prism-plugins/line-numbers.min.js": "25f17d3157c6751531cd3e2979c8ce66ae81f85e44ca52d02f0710360fbaf909",
    "src/addons/CMTV/Code/addon.json": "adebf987fc834e77fb1321307b80670f688d9359d53ef8fd02fa65c2219413d7",
    "src/addons/CMTV/Code/EventsListener.php": "d9746d671f573d70d963a589e009c764f15d0abbf55c60c5129e44f0099bec35",
    "src/addons/CMTV/Code/XF/BbCode/Renderer/EmailHtml.php": "81b8e35a43ff3ec9ddee035fb2115f141bc7b4aa71f1de7541853a8a0e4f1634",
    "src/addons/CMTV/Code/XF/BbCode/Renderer/Html.php": "47911dc656518b9e1a04d2201c60337c344367dc848b521e6542ebb5c050ea54",
    "src/addons/CMTV/Code/XF/BbCode/RuleSet.php": "c1a40bc46c8270cced7917c922bf4ca98d201b81d05f217c91627733d245f9a9",
    "src/addons/CMTV/Code/_data/activity_summary_definitions.xml": "99d8c2563a31320d66f958fc8bda78613545f5f7959bb3cf5318805e3a3c39d2",
    "src/addons/CMTV/Code/_data/admin_navigation.xml": "064ec797484ac00d5ee37367b50b06846d11f480d00550997712707f8fdac8c0",
    "src/addons/CMTV/Code/_data/admin_permission.xml": "ec6fb97cebf0bceb24f1ed1d5778c1db54eeb7535fbb3e31d824840e7aa9ff87",
    "src/addons/CMTV/Code/_data/advertising_positions.xml": "d2f7cbe844bb1df3cf878d22ff6306249245c8ff6b0b87b9b729744bec538261",
    "src/addons/CMTV/Code/_data/api_scopes.xml": "6793eaf758f140e8137187ba20e65f4faccf53410433ae3ad7a8b3b38cb6b3b7",
    "src/addons/CMTV/Code/_data/bb_codes.xml": "faa4ddd5f4a365e5ac39aebdcbe2d25aedf74e7eb9ea4a812766e2fd5e13bdb1",
    "src/addons/CMTV/Code/_data/bb_code_media_sites.xml": "29762987990187b33e43cfb68c08dc917b2d3f0176613d78f8e6c453f82da3f3",
    "src/addons/CMTV/Code/_data/class_extensions.xml": "bd9f1b3e5fad81f70f03cf0c91599fbb7b1efc9e887b79b81885dfbf72097d8e",
    "src/addons/CMTV/Code/_data/code_events.xml": "8370dec3df47f91df4cf79da253446ad11b29f4ea568fe76c774e97a0379f0eb",
    "src/addons/CMTV/Code/_data/code_event_listeners.xml": "19a3149a1f8fbbcde75fe81c110ccd9f4ed367efd14c9d4ecca9803fe1410456",
    "src/addons/CMTV/Code/_data/content_type_fields.xml": "c7ad5472b28f465b7ac7617627707eba1b7a39d28089460d52e1ed292fc0b06a",
    "src/addons/CMTV/Code/_data/cron.xml": "323c4284742ef24329cd6db6f288eb9736d2353f36852e1db12591e1583aea26",
    "src/addons/CMTV/Code/_data/help_pages.xml": "a8a0c0b06cdc550438bc8a8d385af3e1e5ab3459877dfb934c1c31be59c89163",
    "src/addons/CMTV/Code/_data/member_stats.xml": "89fb2b93ff1eca7a1f6f752248edf6090dfd24037db1446fd18ff7143f08124d",
    "src/addons/CMTV/Code/_data/navigation.xml": "f75e1c03a45a360bbdfcd0567121665082315068475d5b0feb8b1acbb1688651",
    "src/addons/CMTV/Code/_data/options.xml": "fb381dc173f3ffaf323b5dfe270146bbed2fca0cf88f065e630d6050a2fd05d2",
    "src/addons/CMTV/Code/_data/option_groups.xml": "154d7a89664b243d0bd8227c22e241f934bf7e196c83230ee23d3c0c4fba1333",
    "src/addons/CMTV/Code/_data/permissions.xml": "7e4fc7d5826733d15ea2d8936b9bdd41afcaad810eb38e50da3c8d8eafda1550",
    "src/addons/CMTV/Code/_data/permission_interface_groups.xml": "3177224e96458b829aa7fb24866dda9e0455a4922aee3d669b53f59a1ffdf5d1",
    "src/addons/CMTV/Code/_data/phrases.xml": "143895ae7c089622672f75c867d6857021ae2b6ec1765f64f111e8b13624abc9",
    "src/addons/CMTV/Code/_data/routes.xml": "550fa64f9feedf137dd877b38c2684f94474619d2d83890dbb717a91b50da8f5",
    "src/addons/CMTV/Code/_data/style_properties.xml": "101c6a08cf31bdf7c938e2fb14aeb39825ed852bda285d0cfde8abc5f4fbf5d4",
    "src/addons/CMTV/Code/_data/style_property_groups.xml": "68e1879cb3846c42d978487aa8d5145ff3335fc39e58016878824d5cf3fd684c",
    "src/addons/CMTV/Code/_data/templates.xml": "df2b2de2b1dc2c36b213672ace45f855f3d19542e79edc6aa1c07f40a8284d3d",
    "src/addons/CMTV/Code/_data/template_modifications.xml": "54a001e1ba65271a52e18dd3bc595f69af0ceddcd2726ca34fbe94a8d80e651a",
    "src/addons/CMTV/Code/_data/widget_definitions.xml": "37e46965256430f24004c2e7f08ba08f9b0d1cbcc4d70e84b3f4e3ffb713e64b",
    "src/addons/CMTV/Code/_data/widget_positions.xml": "a29cee66134f6bc5d75ed9df1eef21096c24401915c5b5c774389c3d7bb2d5b3"
}